,city,coordinates,country,humidity,max_temp,pressure,wind_speed,cloudiness,lon,lat
0,Saint Anthony,"{'lon': -93.218, 'lat': 45.0205}",US,63,48.29,1014,1.99,1,-93.218,45.0205
1,Juneau,"{'lon': -134.4197, 'lat': 58.3019}",US,87,46.4,990,0.0,75,-134.4197,58.3019
2,Punta Arenas,"{'lon': -70.9167, 'lat': -53.15}",CL,56,41.11,975,17.27,75,-70.9167,-53.15
3,Honiara,"{'lon': 159.95, 'lat': -9.4333}",SB,70,85.64,1011,4.36,61,159.95,-9.4333
4,Arraial do Cabo,"{'lon': -42.0278, 'lat': -22.9661}",BR,90,71.71,1018,18.37,100,-42.0278,-22.9661
5,Saskylakh,"{'lon': 114.0833, 'lat': 71.9167}",RU,100,-17.21,1003,2.95,57,114.0833,71.9167
6,South Venice,"{'lon': -82.4243, 'lat': 27.0531}",US,92,79.99,1014,0.0,100,-82.4243,27.0531
7,Ibanda,"{'lon': 32.4746, 'lat': -2.7974}",TZ,75,71.06,1010,2.42,100,32.4746,-2.7974
8,Umluj,"{'lon': 37.2685, 'lat': 25.0213}",SA,61,76.5,1011,9.55,0,37.2685,25.0213
9,Roald,"{'lon': 6.1333, 'lat': 62.5833}",NO,82,51.94,1003,5.75,90,6.1333,62.5833
10,Acajutla,"{'lon': -89.8275, 'lat': 13.5928}",SV,80,86.34,1012,1.48,100,-89.8275,13.5928
11,Laki,"{'lon': 24.8167, 'lat': 41.85}",BG,88,37.89,1033,1.48,6,24.8167,41.85
12,Villa de San Francisco,"{'lon': -86.9667, 'lat': 14.1667}",HN,90,80.08,1014,1.66,79,-86.9667,14.1667
13,Hilo,"{'lon': -155.09, 'lat': 19.7297}",US,75,82.27,1017,10.36,90,-155.09,19.7297
14,Wilmington,"{'lon': -77.9447, 'lat': 34.2257}",US,94,71.85,1019,0.0,1,-77.9447,34.2257
15,Lowestoft,"{'lon': 1.7516, 'lat': 52.4752}",GB,93,56.16,1014,12.73,100,1.7516,52.4752
16,Atar,"{'lon': -13.0499, 'lat': 20.5169}",MR,21,83.8,1014,5.97,59,-13.0499,20.5169
17,Choya,"{'lon': 86.5467, 'lat': 52.0108}",RU,76,46.22,1025,3.56,100,86.5467,52.0108
18,Mataura,"{'lon': 168.8643, 'lat': -46.1927}",NZ,52,70.75,1011,4.85,100,168.8643,-46.1927
19,Dikson,"{'lon': 80.5464, 'lat': 73.5069}",RU,88,10.76,997,17.83,100,80.5464,73.5069
20,Rikitea,"{'lon': -134.9692, 'lat': -23.1203}",PF,76,74.79,1016,17.4,25,-134.9692,-23.1203
21,Albany,"{'lon': -73.9662, 'lat': 42.6001}",US,82,51.8,1018,2.08,96,-73.9662,42.6001
22,Khatanga,"{'lon': 102.5, 'lat': 71.9667}",RU,89,0.23,998,16.37,99,102.5,71.9667
23,Havelock,"{'lon': -76.9013, 'lat': 34.8791}",US,90,73.35,1021,6.91,1,-76.9013,34.8791
24,Chirongui,"{'lon': 45.1483, 'lat': -12.9319}",YT,84,80.53,1014,15.46,46,45.1483,-12.9319
25,Vaini,"{'lon': -175.2, 'lat': -21.2}",TO,78,78.96,1016,13.8,20,-175.2,-21.2
26,Anaconda,"{'lon': -112.9423, 'lat': 46.1285}",US,71,49.19,1000,5.84,100,-112.9423,46.1285
27,Ushuaia,"{'lon': -68.3, 'lat': -54.8}",AR,80,33.46,968,28.77,75,-68.3,-54.8
28,Kirakira,"{'lon': 161.9205, 'lat': -10.4544}",SB,70,85.33,1011,10.36,22,161.9205,-10.4544
29,Atuona,"{'lon': -139.0333, 'lat': -9.8}",PF,73,78.19,1011,18.99,8,-139.0333,-9.8
30,Gurlan,"{'lon': 60.3919, 'lat': 41.8447}",UZ,37,35.67,1015,2.71,86,60.3919,41.8447
31,Ponta do Sol,"{'lon': -17.1, 'lat': 32.6667}",PT,67,69.71,1024,6.87,57,-17.1,32.6667
32,Nadym,"{'lon': 72.5167, 'lat': 65.5333}",RU,87,21.99,1003,11.74,48,72.5167,65.5333
33,Bredasdorp,"{'lon': 20.0403, 'lat': -34.5322}",ZA,87,50.29,1024,4.61,0,20.0403,-34.5322
34,Esim,"{'lon': -2.2405, 'lat': 4.8699}",GH,88,77.59,1013,4.61,70,-2.2405,4.8699
35,Mar del Plata,"{'lon': -57.5575, 'lat': -38.0023}",AR,56,64.09,1003,5.99,0,-57.5575,-38.0023
36,Ostrovnoy,"{'lon': 39.5131, 'lat': 68.0531}",RU,67,34.03,1012,15.48,99,39.5131,68.0531
37,Nikolskoye,"{'lon': 30.7861, 'lat': 59.7035}",RU,80,34.88,1022,9.33,100,30.7861,59.7035
38,Kaitangata,"{'lon': 169.8464, 'lat': -46.2817}",NZ,71,60.4,1013,7.87,100,169.8464,-46.2817
39,Shemursha,"{'lon': 47.5189, 'lat': 54.8866}",RU,98,36.36,1013,6.91,100,47.5189,54.8866
40,Abaí,"{'lon': -55.9333, 'lat': -26.0333}",PY,79,57.16,1019,1.95,0,-55.9333,-26.0333
41,Miranda,"{'lon': -76.2281, 'lat': 3.2499}",CO,94,75.33,1017,3.87,100,-76.2281,3.2499
42,Upernavik,"{'lon': -56.1549, 'lat': 72.7868}",GL,67,14.38,1007,5.93,0,-56.1549,72.7868
43,Caucaia,"{'lon': -38.6531, 'lat': -3.7361}",BR,74,81.03,1014,10.36,40,-38.6531,-3.7361
44,Naīgarhi,"{'lon': 81.7833, 'lat': 24.7833}",IN,54,71.85,1014,4.16,72,81.7833,24.7833
45,Hobart,"{'lon': 147.3294, 'lat': -42.8794}",AU,68,56.05,1018,3.0,75,147.3294,-42.8794
46,Aklavik,"{'lon': -135.0107, 'lat': 68.2191}",CA,96,20.23,999,2.04,100,-135.0107,68.2191
47,Saint-François,"{'lon': 3.9054, 'lat': 46.4154}",FR,100,39.67,1022,0.0,1,3.9054,46.4154
48,Saint Paul Harbor,"{'lon': -152.4072, 'lat': 57.79}",US,71,47.71,994,11.5,40,-152.4072,57.79
49,Bilibino,"{'lon': 166.4372, 'lat': 68.0546}",RU,97,-11.34,1010,2.15,20,166.4372,68.0546
50,Avarua,"{'lon': -159.775, 'lat': -21.2078}",CK,50,77.05,1015,13.8,75,-159.775,-21.2078
51,Nemuro,"{'lon': 145.575, 'lat': 43.3236}",JP,70,55.83,1025,4.97,0,145.575,43.3236
52,Tabuk,"{'lon': 121.4443, 'lat': 17.4189}",PH,86,76.64,1014,2.39,94,121.4443,17.4189
53,Hong Kong,"{'lon': 114.1577, 'lat': 22.2855}",HK,71,71.33,1018,1.01,100,114.1577,22.2855
54,Alamosa,"{'lon': -105.87, 'lat': 37.4695}",US,35,56.71,1011,3.29,66,-105.87,37.4695
55,Port Alfred,"{'lon': 26.891, 'lat': -33.5906}",ZA,81,57.34,1024,11.56,0,26.891,-33.5906
56,Egvekinot,"{'lon': -179.1667, 'lat': 66.3167}",RU,85,6.01,1004,5.68,21,-179.1667,66.3167
57,New Norfolk,"{'lon': 147.0587, 'lat': -42.7826}",AU,58,55.71,1020,4.0,79,147.0587,-42.7826
58,Norman Wells,"{'lon': -126.8329, 'lat': 65.282}",CA,93,23.04,998,5.75,90,-126.8329,65.282
59,Vilhena,"{'lon': -60.1458, 'lat': -12.7406}",BR,97,68.74,1016,4.47,100,-60.1458,-12.7406
60,Lodja,"{'lon': 23.4333, 'lat': -3.4833}",CD,99,70.0,1011,1.21,100,23.4333,-3.4833
61,Chokurdakh,"{'lon': 147.9167, 'lat': 70.6333}",RU,98,-3.82,1004,2.24,100,147.9167,70.6333
62,Provideniya,"{'lon': -173.3, 'lat': 64.3833}",RU,59,26.71,1000,4.47,0,-173.3,64.3833
63,Angra dos Reis,"{'lon': -44.3181, 'lat': -23.0067}",BR,96,69.76,1020,7.87,100,-44.3181,-23.0067
64,Hermanus,"{'lon': 19.2345, 'lat': -34.4187}",ZA,77,53.91,1023,9.53,0,19.2345,-34.4187
65,Porbandar,"{'lon': 69.6093, 'lat': 21.6422}",IN,66,76.84,1014,4.29,3,69.6093,21.6422
66,Ambilobe,"{'lon': 49.05, 'lat': -13.2}",MG,84,74.43,1014,5.75,8,49.05,-13.2
67,Calvinia,"{'lon': 19.776, 'lat': -31.4707}",ZA,36,55.06,1019,7.27,0,19.776,-31.4707
68,Pevek,"{'lon': 170.3133, 'lat': 69.7008}",RU,91,8.13,1008,4.29,100,170.3133,69.7008
69,Taoudenni,"{'lon': -3.9836, 'lat': 22.6783}",ML,19,83.57,1014,10.36,5,-3.9836,22.6783
70,Caucayá,"{'lon': -74.7819, 'lat': -0.1934}",CO,93,74.77,1010,1.88,69,-74.7819,-0.1934
71,Sárbogárd,"{'lon': 18.6204, 'lat': 46.8869}",HU,65,43.92,1031,6.31,0,18.6204,46.8869
72,Ballina,"{'lon': 153.5667, 'lat': -28.8667}",AU,72,75.16,1016,12.66,75,153.5667,-28.8667
73,Saint-Philippe,"{'lon': 55.7679, 'lat': -21.3585}",RE,83,71.19,1022,14.52,45,55.7679,-21.3585
74,Castro,"{'lon': -50.0119, 'lat': -24.7911}",BR,98,54.43,1019,4.36,100,-50.0119,-24.7911
75,Barrow,"{'lon': -156.7887, 'lat': 71.2906}",US,80,28.42,998,9.22,90,-156.7887,71.2906
76,Hambantota,"{'lon': 81.1185, 'lat': 6.1241}",LK,100,77.34,1009,4.61,20,81.1185,6.1241
77,Grindavik,"{'lon': -22.4338, 'lat': 63.8424}",IS,100,44.55,988,5.75,90,-22.4338,63.8424
78,Nagato,"{'lon': 131.2, 'lat': 34.3833}",JP,64,62.51,1021,8.46,100,131.2,34.3833
79,Tasiilaq,"{'lon': -37.6368, 'lat': 65.6145}",GL,85,30.36,992,47.8,100,-37.6368,65.6145
80,Gigmoto,"{'lon': 124.39, 'lat': 13.7796}",PH,77,83.39,1012,6.38,74,124.39,13.7796
81,Saint-Augustin,"{'lon': -58.6502, 'lat': 51.226}",CA,72,42.33,1000,23.38,100,-58.6502,51.226
82,Puerto Ayora,"{'lon': -90.3518, 'lat': -0.7393}",EC,94,68.56,1014,3.0,100,-90.3518,-0.7393
83,Bambanglipuro,"{'lon': 110.2833, 'lat': -7.95}",ID,67,82.51,1013,4.97,14,110.2833,-7.95
84,Bambous Virieux,"{'lon': 57.7575, 'lat': -20.3428}",MU,78,73.65,1022,11.5,40,57.7575,-20.3428
85,Cravo Norte,"{'lon': -70.2041, 'lat': 6.3017}",CO,82,78.13,1012,6.73,96,-70.2041,6.3017
86,Bagotville,"{'lon': 153.4167, 'lat': -28.9833}",AU,76,75.02,1016,2.42,100,153.4167,-28.9833
87,Bathsheba,"{'lon': -59.5167, 'lat': 13.2167}",BB,74,83.01,1014,21.85,75,-59.5167,13.2167
88,Kosh-Agach,"{'lon': 88.6667, 'lat': 50}",RU,71,22.8,1034,2.59,13,88.6667,50.0
89,Östersund,"{'lon': 14.6357, 'lat': 63.1792}",SE,100,38.61,1005,3.44,20,14.6357,63.1792
90,Bluff,"{'lon': 168.3333, 'lat': -46.6}",NZ,81,57.72,1012,11.92,99,168.3333,-46.6
91,Shenjiamen,"{'lon': 122.298, 'lat': 29.9576}",CN,77,65.93,1023,15.84,100,122.298,29.9576
92,Shimoda,"{'lon': 138.95, 'lat': 34.6667}",JP,65,64.51,1024,13.8,100,138.95,34.6667
93,Kapaa,"{'lon': -159.319, 'lat': 22.0752}",US,76,84.18,1019,5.01,75,-159.319,22.0752
94,Simao,"{'lon': 100.9748, 'lat': 22.7886}",CN,99,60.39,1018,2.01,100,100.9748,22.7886
95,Tiksi,"{'lon': 128.8694, 'lat': 71.6872}",RU,100,-0.26,1004,3.71,94,128.8694,71.6872
96,Auki,"{'lon': 160.7034, 'lat': -8.7676}",SB,73,84.25,1010,3.06,38,160.7034,-8.7676
97,Tuscaloosa,"{'lon': -87.5692, 'lat': 33.2098}",US,86,67.78,1016,0.0,1,-87.5692,33.2098
98,Tondon,"{'lon': -13.35, 'lat': 10.3667}",GN,99,71.15,1015,0.72,86,-13.35,10.3667
99,Codrington,"{'lon': 141.9667, 'lat': -38.2667}",AU,61,55.26,1023,11.88,58,141.9667,-38.2667
100,Bengkulu,"{'lon': 102.2655, 'lat': -3.8004}",ID,94,74.52,1012,2.73,100,102.2655,-3.8004
101,Port Lincoln,"{'lon': 135.8667, 'lat': -34.7333}",AU,63,59.29,1022,14.63,0,135.8667,-34.7333
102,Cap Malheureux,"{'lon': 57.6142, 'lat': -19.9842}",MU,70,73.89,1022,5.01,89,57.6142,-19.9842
103,Kongoussi,"{'lon': -1.5347, 'lat': 13.3258}",BF,55,83.07,1012,5.91,78,-1.5347,13.3258
104,Soyo,"{'lon': 12.3689, 'lat': -6.1349}",AO,83,76.96,1012,8.66,95,12.3689,-6.1349
105,Faanui,"{'lon': -151.75, 'lat': -16.4833}",PF,90,75.78,1012,11.03,100,-151.75,-16.4833
106,Busselton,"{'lon': 115.3333, 'lat': -33.65}",AU,65,61.05,1009,10.42,100,115.3333,-33.65
107,Zyryanskoye,"{'lon': 86.6258, 'lat': 56.8306}",RU,92,43.79,1015,11.65,100,86.6258,56.8306
108,Mandera,"{'lon': 41.867, 'lat': 3.9366}",KE,74,78.8,1011,14.14,7,41.867,3.9366
109,Aiquile,"{'lon': -65.1807, 'lat': -18.2041}",BO,70,53.51,1023,2.08,100,-65.1807,-18.2041
110,Vila Velha,"{'lon': -40.2925, 'lat': -20.3297}",BR,78,80.55,1014,11.5,40,-40.2925,-20.3297
111,Mercedes,"{'lon': -59.4307, 'lat': -34.6515}",AR,43,66.85,1012,8.79,0,-59.4307,-34.6515
112,Airai,"{'lon': 125.4092, 'lat': -8.9266}",TL,44,76.06,1013,1.66,98,125.4092,-8.9266
113,Petropavlovsk-Kamchatskiy,"{'lon': 158.6483, 'lat': 53.0452}",RU,48,39.79,1009,13.42,20,158.6483,53.0452
114,Hithadhoo,"{'lon': 73.0833, 'lat': -0.6}",MV,69,83.03,1012,15.66,21,73.0833,-0.6
115,Sindor,"{'lon': 51.8905, 'lat': 62.8629}",RU,81,29.28,1010,8.12,99,51.8905,62.8629
116,Butaritari,"{'lon': 172.7902, 'lat': 3.0707}",KI,72,81.97,1009,3.6,1,172.7902,3.0707
117,Vágur,"{'lon': -6.8119, 'lat': 61.4732}",FO,87,49.05,989,24.43,98,-6.8119,61.4732
118,Dwārka,"{'lon': 68.9678, 'lat': 22.2394}",IN,57,78.58,1013,7.76,5,68.9678,22.2394
119,Fortuna,"{'lon': -124.1573, 'lat': 40.5982}",US,78,59.34,996,3.0,40,-124.1573,40.5982
120,Lixouri,"{'lon': 20.4314, 'lat': 38.2019}",GR,89,62.71,1020,15.35,100,20.4314,38.2019
121,Fonte Boa,"{'lon': -66.2662, 'lat': -2.4959}",BR,95,75.94,1010,3.36,100,-66.2662,-2.4959
122,Kitami,"{'lon': 143.8908, 'lat': 43.8031}",JP,56,56.48,1024,3.98,0,143.8908,43.8031
123,Sabha,"{'lon': 14.4283, 'lat': 27.0377}",LY,26,75.0,1014,7.65,17,14.4283,27.0377
124,Kysyl-Syr,"{'lon': 122.7617, 'lat': 63.8986}",RU,97,31.28,999,2.89,100,122.7617,63.8986
125,Constitución,"{'lon': -72.4167, 'lat': -35.3333}",CL,87,54.43,1020,13.73,0,-72.4167,-35.3333
126,Vostok,"{'lon': 135.8833, 'lat': 46.4856}",RU,47,46.45,1021,3.58,1,135.8833,46.4856
127,Sambava,"{'lon': 50.1667, 'lat': -14.2667}",MG,88,75.16,1017,8.68,98,50.1667,-14.2667
128,Lázaro Cárdenas,"{'lon': -102.2, 'lat': 17.9583}",MX,93,77.22,1007,5.77,100,-102.2,17.9583
129,Bisauli,"{'lon': 78.9333, 'lat': 28.3167}",IN,80,67.95,1014,1.81,1,78.9333,28.3167
130,Naze,"{'lon': 129.4833, 'lat': 28.3667}",JP,80,65.32,1016,2.84,62,129.4833,28.3667
131,Ostër,"{'lon': 30.8823, 'lat': 50.9506}",UA,78,36.9,1032,5.32,24,30.8823,50.9506
132,Saldanha,"{'lon': 17.9442, 'lat': -33.0117}",ZA,75,51.85,1020,12.19,0,17.9442,-33.0117
133,Lavrentiya,"{'lon': -171, 'lat': 65.5833}",RU,79,22.55,997,9.62,100,-171.0,65.5833
134,Stolin,"{'lon': 26.846, 'lat': 51.8912}",BY,81,33.46,1033,3.31,12,26.846,51.8912
135,Nome,"{'lon': -165.4064, 'lat': 64.5011}",US,86,32.16,994,17.27,90,-165.4064,64.5011
136,Cabo San Lucas,"{'lon': -109.9124, 'lat': 22.8909}",MX,78,85.3,1010,9.66,3,-109.9124,22.8909
137,Amboasary,"{'lon': 46.3833, 'lat': -25.0333}",MG,93,75.04,1018,0.43,6,46.3833,-25.0333
138,Tegal,"{'lon': 109.1402, 'lat': -6.8694}",ID,68,83.59,1012,6.08,9,109.1402,-6.8694
139,Shakhtinsk,"{'lon': 72.5872, 'lat': 49.71}",KZ,57,25.36,1023,7.7,72,72.5872,49.71
140,Tuktoyaktuk,"{'lon': -133.0374, 'lat': 69.4541}",CA,100,26.6,1000,5.75,40,-133.0374,69.4541
141,Hede,"{'lon': 120.2517, 'lat': 33.7681}",CN,67,60.91,1026,3.24,0,120.2517,33.7681
142,Heze,"{'lon': 115.4411, 'lat': 35.2431}",CN,55,58.33,1024,6.24,40,115.4411,35.2431
143,East London,"{'lon': 27.9116, 'lat': -33.0153}",ZA,74,58.44,1025,9.8,1,27.9116,-33.0153
144,Cape Town,"{'lon': 18.4232, 'lat': -33.9258}",ZA,69,58.26,1022,1.99,0,18.4232,-33.9258
145,Binzhou,"{'lon': 118.0167, 'lat': 37.3667}",CN,53,59.27,1024,6.76,23,118.0167,37.3667
146,‘Āhuimanu,"{'lon': -157.8378, 'lat': 21.4447}",US,67,87.51,1017,11.5,75,-157.8378,21.4447
147,Lebu,"{'lon': -73.65, 'lat': -37.6167}",CL,95,51.87,1023,4.14,50,-73.65,-37.6167
148,Bonthe,"{'lon': -12.505, 'lat': 7.5264}",SL,92,76.42,1014,3.89,100,-12.505,7.5264
149,Kailua,"{'lon': -157.7394, 'lat': 21.4022}",US,72,87.78,1017,20.94,30,-157.7394,21.4022
150,Baghlan,"{'lon': 68.7083, 'lat': 36.1307}",AF,34,51.69,1016,0.63,0,68.7083,36.1307
151,George Town,"{'lon': 100.3354, 'lat': 5.4112}",MY,93,78.73,1010,5.01,20,100.3354,5.4112
152,Chivilcoy,"{'lon': -60.0167, 'lat': -34.8957}",AR,10,63.01,1013,4.0,0,-60.0167,-34.8957
153,Marawi,"{'lon': 124.2928, 'lat': 7.9986}",PH,61,73.65,1012,1.36,16,124.2928,7.9986
154,Jamestown,"{'lon': -79.2353, 'lat': 42.097}",US,99,51.3,1014,1.99,90,-79.2353,42.097
155,Ambon City,"{'lon': 128.1814, 'lat': -3.6954}",ID,70,89.74,1010,3.44,20,128.1814,-3.6954
156,Tataouine,"{'lon': 10.4518, 'lat': 32.9297}",TN,78,67.08,1016,2.48,0,10.4518,32.9297
157,Clyde River,"{'lon': -68.5914, 'lat': 70.4692}",CA,77,12.87,1010,4.65,97,-68.5914,70.4692
158,Yellowknife,"{'lon': -114.3525, 'lat': 62.456}",CA,85,42.42,1000,21.85,75,-114.3525,62.456
159,Eureka,"{'lon': -124.1637, 'lat': 40.8021}",US,83,59.61,995,3.0,100,-124.1637,40.8021
160,Along,"{'lon': 94.7667, 'lat': 28.1667}",IN,80,63.86,1016,1.14,1,94.7667,28.1667
161,Barra da Estiva,"{'lon': -41.3269, 'lat': -13.6261}",BR,93,67.8,1017,3.65,100,-41.3269,-13.6261
162,Esperance,"{'lon': 121.9, 'lat': -33.8667}",AU,35,71.44,1005,13.67,100,121.9,-33.8667
163,Comodoro Rivadavia,"{'lon': -67.5, 'lat': -45.8667}",AR,44,58.86,988,43.73,100,-67.5,-45.8667
164,Saint George,"{'lon': -113.5841, 'lat': 37.1041}",US,34,72.19,1011,1.01,1,-113.5841,37.1041
165,Ust'-Barguzin,"{'lon': 108.9833, 'lat': 53.45}",RU,80,41.52,1018,15.97,100,108.9833,53.45
166,Tingi,"{'lon': 35.0333, 'lat': -11.3}",TZ,50,66.81,1014,7.31,99,35.0333,-11.3
167,Vrangel',"{'lon': 133.0839, 'lat': 42.7297}",RU,68,54.18,1023,0.4,0,133.0839,42.7297
168,Longyearbyen,"{'lon': 15.6401, 'lat': 78.2186}",SJ,79,19.24,1019,9.22,90,15.6401,78.2186
169,Port Elizabeth,"{'lon': 25.5701, 'lat': -33.918}",ZA,93,51.1,1025,3.44,0,25.5701,-33.918
170,Kieta,"{'lon': 155.6333, 'lat': -6.2167}",PG,65,85.37,1011,3.71,49,155.6333,-6.2167
171,Porto Tolle,"{'lon': 12.3245, 'lat': 44.9497}",IT,62,52.02,1025,6.08,100,12.3245,44.9497
172,Katobu,"{'lon': 122.5276, 'lat': -4.9408}",ID,66,85.59,1011,2.66,99,122.5276,-4.9408
173,Henties Bay,"{'lon': 14.2845, 'lat': -22.116}",NA,90,58.86,1015,5.88,0,14.2845,-22.116
174,Agirish,"{'lon': 63.0231, 'lat': 61.9247}",RU,93,29.08,1006,1.81,100,63.0231,61.9247
175,Qaanaaq,"{'lon': -69.3632, 'lat': 77.484}",GL,60,-5.22,1010,10.27,0,-69.3632,77.484
176,Chara,"{'lon': 118.2631, 'lat': 56.9064}",RU,62,31.6,1011,1.48,100,118.2631,56.9064
177,Tuban,"{'lon': 112.0649, 'lat': -6.8976}",ID,67,84.33,1012,11.48,83,112.0649,-6.8976
178,Geraldton,"{'lon': 114.6, 'lat': -28.7667}",AU,64,68.41,1011,12.66,90,114.6,-28.7667
179,Al Bardīyah,"{'lon': 25.0865, 'lat': 31.7561}",LY,69,70.25,1018,6.06,18,25.0865,31.7561
180,Ixtapa,"{'lon': -105.2, 'lat': 20.7}",MX,93,78.04,1009,1.92,100,-105.2,20.7
181,Prince Rupert,"{'lon': -130.3201, 'lat': 54.3161}",CA,40,56.89,980,19.57,100,-130.3201,54.3161
182,Lagoa,"{'lon': -27.9833, 'lat': 39.05}",PT,73,66.13,1030,7.07,54,-27.9833,39.05
183,Plover,"{'lon': -89.544, 'lat': 44.4564}",US,57,47.25,1014,5.01,1,-89.544,44.4564
184,Ngunguru,"{'lon': 174.5, 'lat': -35.6167}",NZ,89,72.16,1016,8.84,84,174.5,-35.6167
185,Lorengau,"{'lon': 147.2712, 'lat': -2.0226}",PG,77,83.08,1012,7.31,34,147.2712,-2.0226
186,Kruisfontein,"{'lon': 24.7314, 'lat': -34.0033}",ZA,84,48.88,1025,3.44,0,24.7314,-34.0033
187,Hasaki,"{'lon': 140.8333, 'lat': 35.7333}",JP,50,64.8,1026,10.49,83,140.8333,35.7333
188,Bianzhuang,"{'lon': 118.0447, 'lat': 34.8486}",CN,63,58.46,1025,4.12,8,118.0447,34.8486
189,Santa Cruz de la Sierra,"{'lon': -63.1667, 'lat': -17.8}",BO,83,67.46,1015,4.61,75,-63.1667,-17.8
190,Djibo,"{'lon': -1.6306, 'lat': 14.1022}",BF,48,84.42,1012,5.28,59,-1.6306,14.1022
191,Camacha,"{'lon': -16.3333, 'lat': 33.0833}",PT,68,65.62,1023,9.22,40,-16.3333,33.0833
192,São Filipe,"{'lon': -24.4956, 'lat': 14.8961}",CV,70,78.12,1016,10.58,32,-24.4956,14.8961
193,Pedersore,"{'lon': 22.6833, 'lat': 63.65}",FI,98,37.0,1006,12.26,100,22.6833,63.65
194,Waipawa,"{'lon': 175.5153, 'lat': -41.4122}",NZ,72,61.43,1015,7.92,48,175.5153,-41.4122
195,Konëvo,"{'lon': 39.3192, 'lat': 62.1215}",RU,79,27.27,1020,6.44,28,39.3192,62.1215
196,San Cristobal,"{'lon': -72.225, 'lat': 7.7669}",VE,95,73.58,1016,2.13,79,-72.225,7.7669
197,Salalah,"{'lon': 54.0924, 'lat': 17.0151}",OM,68,73.49,1013,3.44,0,54.0924,17.0151
198,Mehrān,"{'lon': 46.1646, 'lat': 33.1222}",IR,19,68.41,1013,6.62,0,46.1646,33.1222
199,Bethel,"{'lon': -73.414, 'lat': 41.3712}",US,80,54.91,1020,0.0,90,-73.414,41.3712
200,George Town,"{'lon': 100.3354, 'lat': 5.4112}",MY,93,78.89,1010,5.01,20,100.3354,5.4112
201,Nanortalik,"{'lon': -45.2371, 'lat': 60.1432}",GL,89,32.83,992,7.54,98,-45.2371,60.1432
202,San Miguel de Tucumán,"{'lon': -65.2226, 'lat': -26.8241}",AR,25,78.8,1014,8.05,0,-65.2226,-26.8241
203,Sarkand,"{'lon': 79.9186, 'lat': 45.41}",KZ,45,44.28,1018,4.05,0,79.9186,45.41
204,Mahébourg,"{'lon': 57.7, 'lat': -20.4081}",MU,78,73.69,1022,11.5,40,57.7,-20.4081
205,Lompoc,"{'lon': -120.4579, 'lat': 34.6391}",US,88,66.78,1011,4.61,90,-120.4579,34.6391
206,Wattegama,"{'lon': 81.4808, 'lat': 6.7989}",LK,87,76.12,1011,1.68,100,81.4808,6.7989
207,Nyandoma,"{'lon': 40.1991, 'lat': 61.669}",RU,85,25.07,1021,6.4,79,40.1991,61.669
208,Salinas,"{'lon': -121.6555, 'lat': 36.6777}",US,74,68.09,1005,26.46,90,-121.6555,36.6777
209,Snezhnogorsk,"{'lon': 33.2531, 'lat': 69.1933}",RU,95,8.38,1015,3.6,45,33.2531,69.1933
210,Sosnovo-Ozerskoye,"{'lon': 111.5418, 'lat': 52.5249}",RU,80,31.96,1018,10.85,47,111.5418,52.5249
211,Igarka,"{'lon': 86.5833, 'lat': 67.4667}",RU,93,23.4,994,14.16,98,86.5833,67.4667
212,Ambulu,"{'lon': 113.6058, 'lat': -8.345}",ID,62,83.89,1012,2.66,91,113.6058,-8.345
213,Cherskiy,"{'lon': 161.3, 'lat': 68.75}",RU,95,-8.61,1007,3.91,38,161.3,68.75
214,Faya,"{'lon': 42.4509, 'lat': 18.3851}",SA,60,55.51,1017,2.21,6,42.4509,18.3851
215,Halifax,"{'lon': -63.5724, 'lat': 44.6453}",CA,76,46.45,1013,1.99,4,-63.5724,44.6453
216,Mutare,"{'lon': 32.6709, 'lat': -18.9707}",ZW,88,63.45,1019,4.34,85,32.6709,-18.9707
217,Agadir,"{'lon': -9.5982, 'lat': 30.4202}",MA,69,63.05,1018,3.8,100,-9.5982,30.4202
218,Severo-Kuril'sk,"{'lon': 156.125, 'lat': 50.6789}",RU,69,39.33,1017,17.34,96,156.125,50.6789
219,Whitianga,"{'lon': 175.7, 'lat': -36.8333}",NZ,97,66.02,1018,6.2,100,175.7,-36.8333
220,Green Valley,"{'lon': -110.9937, 'lat': 31.8543}",US,34,83.28,1013,8.3,4,-110.9937,31.8543
221,Sept-Îles,"{'lon': -66.3821, 'lat': 50.2001}",CA,78,47.05,1008,1.01,90,-66.3821,50.2001
222,Nishihara,"{'lon': 127.7558, 'lat': 26.1842}",JP,69,78.08,1015,10.36,40,127.7558,26.1842
223,Sobolevo,"{'lon': 31.8996, 'lat': 54.4299}",RU,90,28.78,1031,4.29,25,31.8996,54.4299
224,Tezu,"{'lon': 96.1667, 'lat': 27.9167}",IN,78,71.46,1015,1.05,42,96.1667,27.9167
225,Vestmannaeyjar,"{'lon': -20.2734, 'lat': 63.4427}",IS,90,44.62,987,2.26,100,-20.2734,63.4427
226,Ribeira Grande,"{'lon': -28.7, 'lat': 38.5167}",PT,72,66.22,1030,3.29,8,-28.7,38.5167
227,Harper,"{'lon': -7.7169, 'lat': 4.375}",LR,82,77.52,1014,7.36,100,-7.7169,4.375
228,Thompson,"{'lon': -97.8558, 'lat': 55.7435}",CA,86,30.36,1022,4.61,75,-97.8558,55.7435
229,Belgrade,"{'lon': 20.4651, 'lat': 44.804}",RS,87,37.06,1031,2.3,0,20.4651,44.804
230,Kavieng,"{'lon': 150.7967, 'lat': -2.5744}",PG,68,84.79,1011,10.33,21,150.7967,-2.5744
231,Nelson Bay,"{'lon': 152.15, 'lat': -32.7167}",AU,53,75.96,1013,3.0,0,152.15,-32.7167
232,Tabou,"{'lon': -7.3528, 'lat': 4.423}",CI,84,77.16,1014,7.02,100,-7.3528,4.423
233,Trincomalee,"{'lon': 81.2335, 'lat': 8.5711}",LK,79,79.27,1011,8.72,100,81.2335,8.5711
234,Kumul,"{'lon': 93.45, 'lat': 42.8}",CN,36,42.46,1029,6.44,0,93.45,42.8
235,Russell,"{'lon': -85.1999, 'lat': 32.3502}",US,84,69.4,1017,0.0,40,-85.1999,32.3502
236,Athens,"{'lon': 23.7162, 'lat': 37.9795}",GR,76,61.39,1022,8.99,100,23.7162,37.9795
237,Vanimo,"{'lon': 141.3028, 'lat': -2.6741}",PG,65,85.33,1012,6.64,100,141.3028,-2.6741
238,Homer,"{'lon': -151.5483, 'lat': 59.6425}",US,80,46.29,994,10.36,1,-151.5483,59.6425
239,Ust-Nera,"{'lon': 143.2, 'lat': 64.5667}",RU,93,12.99,1006,6.26,100,143.2,64.5667
240,Santa Barbara,"{'lon': -120.0343, 'lat': 34.7333}",US,70,59.99,1013,11.5,40,-120.0343,34.7333
241,Chālūs,"{'lon': 51.4204, 'lat': 36.655}",IR,87,53.06,1013,0.0,0,51.4204,36.655
242,Souillac,"{'lon': 57.5167, 'lat': -20.5167}",MU,78,73.78,1022,11.5,40,57.5167,-20.5167
243,Roebourne,"{'lon': 117.1333, 'lat': -20.7833}",AU,24,88.9,1010,6.53,0,117.1333,-20.7833
244,Wanning,"{'lon': 110.3967, 'lat': 18.8003}",CN,81,73.06,1017,11.36,100,110.3967,18.8003
245,Fairbanks,"{'lon': -147.7164, 'lat': 64.8378}",US,92,27.23,996,0.0,90,-147.7164,64.8378
246,Sterling,"{'lon': -77.4286, 'lat': 39.0062}",US,83,64.69,1019,8.01,75,-77.4286,39.0062
247,Conceição do Araguaia,"{'lon': -49.2647, 'lat': -8.2578}",BR,78,77.65,1012,3.91,100,-49.2647,-8.2578
248,Sergeevka,"{'lon': 67.4158, 'lat': 53.88}",KZ,68,47.01,1014,9.57,100,67.4158,53.88
249,Riyadh,"{'lon': 46.7219, 'lat': 24.6877}",SA,27,71.74,1013,3.58,0,46.7219,24.6877
250,The Valley,"{'lon': -63.0578, 'lat': 18.217}",AI,75,82.26,1018,17.43,16,-63.0578,18.217
251,Bocas del Toro,"{'lon': -82.25, 'lat': 9.3333}",PA,77,83.07,1012,0.78,48,-82.25,9.3333
252,La Paz,"{'lon': -68.15, 'lat': -16.5}",BO,50,53.58,1035,13.8,40,-68.15,-16.5
253,Kiunga,"{'lon': 141.2906, 'lat': -6.1219}",PG,57,88.68,1010,2.08,45,141.2906,-6.1219
254,Najrān,"{'lon': 44.1277, 'lat': 17.4924}",SA,26,61.45,1017,3.02,7,44.1277,17.4924
255,Rio Grande,"{'lon': -52.0986, 'lat': -32.035}",BR,70,53.94,1018,8.23,0,-52.0986,-32.035
256,Shafranovo,"{'lon': 54.7667, 'lat': 53.9667}",RU,83,36.1,1014,2.51,100,54.7667,53.9667
257,Potsdam,"{'lon': 13.0657, 'lat': 52.3989}",DE,87,44.11,1022,6.64,1,13.0657,52.3989
258,San Antonio,"{'lon': -98.4936, 'lat': 29.4241}",US,73,83.17,1009,3.44,20,-98.4936,29.4241
259,Nakamura,"{'lon': 132.9333, 'lat': 32.9833}",JP,95,53.06,1020,4.47,100,132.9333,32.9833
260,Hobyo,"{'lon': 48.5268, 'lat': 5.3505}",SO,74,79.97,1013,10.18,100,48.5268,5.3505
261,Kavaratti,"{'lon': 72.642, 'lat': 10.5669}",IN,78,81.34,1011,10.85,100,72.642,10.5669
262,Adrar,"{'lon': -10.0711, 'lat': 20.5022}",MR,22,81.36,1015,7.9,7,-10.0711,20.5022
263,Carnarvon,"{'lon': 113.6333, 'lat': -24.8667}",AU,60,71.67,1013,12.66,88,113.6333,-24.8667
264,Gorontalo,"{'lon': 123.0595, 'lat': 0.5412}",ID,61,87.01,1011,2.08,93,123.0595,0.5412
265,Goiânia,"{'lon': -49.2539, 'lat': -16.6786}",BR,78,70.43,1019,5.75,0,-49.2539,-16.6786
266,Anadyr,"{'lon': 177.4833, 'lat': 64.75}",RU,85,9.1,1005,6.71,90,177.4833,64.75
267,Talnakh,"{'lon': 88.3972, 'lat': 69.4865}",RU,97,27.3,991,7.7,100,88.3972,69.4865
268,Beloha,"{'lon': 45.05, 'lat': -25.1667}",MG,93,69.66,1018,8.14,38,45.05,-25.1667
269,Mossamedes,"{'lon': 12.1522, 'lat': -15.1961}",AO,86,62.56,1013,8.28,8,12.1522,-15.1961
270,Bandarbeyla,"{'lon': 50.8122, 'lat': 9.4942}",SO,76,77.05,1013,2.86,10,50.8122,9.4942
271,Chui,"{'lon': -53.4616, 'lat': -33.6971}",UY,66,57.96,1014,10.98,0,-53.4616,-33.6971
272,Yatou,"{'lon': 122.3833, 'lat': 37.15}",CN,56,59.36,1024,3.4,0,122.3833,37.15
273,Turaif,"{'lon': 38.6637, 'lat': 31.6725}",SA,47,53.85,1017,6.91,0,38.6637,31.6725
274,Kampong Chhnang,"{'lon': 104.55, 'lat': 12.1667}",KH,85,77.18,1013,7.9,91,104.55,12.1667
275,Dabat,"{'lon': 37.765, 'lat': 12.9842}",ET,62,53.89,1016,4.83,36,37.765,12.9842
276,Springbok,"{'lon': 17.8865, 'lat': -29.6643}",ZA,33,55.87,1016,8.77,0,17.8865,-29.6643
277,Yangi Marg`ilon,"{'lon': 71.7189, 'lat': 40.4272}",UZ,60,42.22,1016,6.91,0,71.7189,40.4272
278,Puerto Ayacucho,"{'lon': -67.6236, 'lat': 5.6639}",VE,88,77.77,1011,2.55,100,-67.6236,5.6639
279,Camalú,"{'lon': -116.0667, 'lat': 30.85}",MX,79,62.42,1012,9.69,7,-116.0667,30.85
280,Lumphat,"{'lon': 106.9816, 'lat': 13.4878}",KH,81,76.64,1013,2.77,100,106.9816,13.4878
281,Lagdo,"{'lon': 13.7333, 'lat': 9.05}",CM,68,76.59,1010,2.28,100,13.7333,9.05
282,Isabela,"{'lon': 121.9711, 'lat': 6.7085}",PH,72,84.25,1011,4.65,22,121.9711,6.7085
283,Awjilah,"{'lon': 21.2869, 'lat': 29.1081}",LY,34,72.55,1016,14.16,52,21.2869,29.1081
284,Tura,"{'lon': 90.2201, 'lat': 25.5198}",IN,89,68.25,1014,2.37,0,90.2201,25.5198
285,Kupang,"{'lon': 123.5833, 'lat': -10.1667}",ID,62,88.38,1012,4.61,20,123.5833,-10.1667
286,Kampot,"{'lon': 104.1833, 'lat': 10.6167}",KH,87,84.25,1012,9.51,100,104.1833,10.6167
287,Boca do Acre,"{'lon': -67.3978, 'lat': -8.7522}",BR,82,76.96,1009,1.54,53,-67.3978,-8.7522
288,Houma,"{'lon': -90.7195, 'lat': 29.5958}",US,90,78.01,1012,1.99,0,-90.7195,29.5958
289,Kidal,"{'lon': 1.4078, 'lat': 18.4411}",ML,22,89.73,1012,9.98,84,1.4078,18.4411
290,Marzuq,"{'lon': 46.4667, 'lat': 14.4}",YE,24,68.59,1016,2.26,0,46.4667,14.4
291,Nouakchott,"{'lon': -15.9785, 'lat': 18.0858}",MR,68,78.73,1014,9.82,19,-15.9785,18.0858
292,Fevik,"{'lon': 8.6766, 'lat': 58.3794}",NO,84,53.37,1013,14.88,100,8.6766,58.3794
293,Broome,"{'lon': -75.833, 'lat': 42.2506}",US,86,51.21,1003,4.61,90,-75.833,42.2506
294,Nieves,"{'lon': 120.9485, 'lat': 15.3274}",PH,75,82.45,1012,3.67,100,120.9485,15.3274
295,Sioux Lookout,"{'lon': -91.917, 'lat': 50.1001}",CA,93,35.98,1022,0.0,20,-91.917,50.1001
296,Safi,"{'lon': -9.2372, 'lat': 32.2994}",MA,70,66.83,1018,10.38,100,-9.2372,32.2994
297,Los Llanos de Aridane,"{'lon': -17.9182, 'lat': 28.6585}",ES,88,67.75,1019,8.05,90,-17.9182,28.6585
298,Sananduva,"{'lon': -51.8067, 'lat': -27.9497}",BR,83,50.27,1020,3.04,0,-51.8067,-27.9497
299,Rehoboth,"{'lon': 17.0833, 'lat': -23.3167}",NA,28,61.27,1013,1.57,0,17.0833,-23.3167
300,Alofi,"{'lon': -169.9187, 'lat': -19.0595}",NU,51,82.29,1013,18.41,32,-169.9187,-19.0595
301,Vardø,"{'lon': 31.1107, 'lat': 70.3705}",NO,59,34.41,1014,7.31,59,31.1107,70.3705
302,Lakatoro,"{'lon': 167.4164, 'lat': -16.0999}",VU,74,82.2,1012,6.87,24,167.4164,-16.0999
303,Kalabo,"{'lon': 22.6814, 'lat': -14.97}",ZM,63,72.93,1012,7.45,100,22.6814,-14.97
304,Malbork,"{'lon': 19.0266, 'lat': 54.0359}",PL,84,38.88,1027,10.56,32,19.0266,54.0359
305,Palauig,"{'lon': 119.9045, 'lat': 15.435}",PH,67,83.46,1011,2.35,100,119.9045,15.435
306,Sandovo,"{'lon': 36.4128, 'lat': 58.4602}",RU,86,27.57,1026,4.68,11,36.4128,58.4602
307,San Andrés,"{'lon': -81.7006, 'lat': 12.5847}",CO,89,80.62,1011,2.3,40,-81.7006,12.5847
308,Palekastro,"{'lon': 26.25, 'lat': 35.2}",GR,76,68.76,1019,20.29,99,26.25,35.2
309,Falmouth,"{'lon': -5.0711, 'lat': 50.1544}",GB,100,55.98,1014,6.91,20,-5.0711,50.1544
310,Plouzané,"{'lon': -4.6167, 'lat': 48.3833}",FR,97,53.78,1017,6.91,75,-4.6167,48.3833
311,Presidencia Roque Sáenz Peña,"{'lon': -60.4388, 'lat': -26.7852}",AR,48,62.76,1018,5.03,0,-60.4388,-26.7852
312,Khilok,"{'lon': 110.4676, 'lat': 51.3674}",RU,69,35.78,1021,4.21,69,110.4676,51.3674
313,Jejūri,"{'lon': 74.1667, 'lat': 18.2833}",IN,75,66.52,1015,5.08,5,74.1667,18.2833
314,Odienné,"{'lon': -7.5692, 'lat': 9.51}",CI,93,71.74,1014,2.37,32,-7.5692,9.51
315,Palmas,"{'lon': -48.3603, 'lat': -10.2128}",BR,100,76.87,1014,2.3,75,-48.3603,-10.2128
316,Magistral'nyy,"{'lon': 107.4458, 'lat': 56.1725}",RU,91,36.88,1015,5.75,100,107.4458,56.1725
317,Beringovskiy,"{'lon': 179.3167, 'lat': 63.05}",RU,79,10.99,1007,6.08,21,179.3167,63.05
318,Dingle,"{'lon': 122.6711, 'lat': 10.9995}",PH,80,82.47,1011,1.52,92,122.6711,10.9995
319,Necochea,"{'lon': -58.7368, 'lat': -38.5473}",AR,45,62.04,1002,18.99,0,-58.7368,-38.5473
320,Mashhad,"{'lon': 59.6062, 'lat': 36.297}",IR,49,48.34,1018,4.61,0,59.6062,36.297
321,Aktash,"{'lon': 87.7333, 'lat': 50.3}",RU,82,18.54,1033,4.07,14,87.7333,50.3
322,Abu Dhabi,"{'lon': 54.3667, 'lat': 24.4667}",AE,83,78.82,1011,3.44,0,54.3667,24.4667
323,Guerrero Negro,"{'lon': -114.0611, 'lat': 27.9769}",MX,72,66.49,1012,14.9,0,-114.0611,27.9769
324,Lima,"{'lon': -77.0282, 'lat': -12.0432}",PE,78,64.9,999,12.66,40,-77.0282,-12.0432
325,Piney Green,"{'lon': -77.3202, 'lat': 34.716}",US,94,72.9,1020,3.44,1,-77.3202,34.716
326,Inírida,"{'lon': -67.9239, 'lat': 3.8653}",CO,96,75.16,1011,2.01,100,-67.9239,3.8653
327,Mt. Pleasant,"{'lon': -79.8626, 'lat': 32.7941}",US,89,72.99,1018,1.01,1,-79.8626,32.7941
328,Ilulissat,"{'lon': -51.1, 'lat': 69.2167}",GL,74,1.36,1007,6.85,85,-51.1,69.2167
329,Hollola,"{'lon': 25.4333, 'lat': 61.05}",FI,94,42.03,1014,10.47,100,25.4333,61.05
330,Bonavista,"{'lon': -53.1147, 'lat': 48.6499}",CA,81,55.11,993,25.75,100,-53.1147,48.6499
331,Paita,"{'lon': -81.1144, 'lat': -5.0892}",PE,81,66.06,1014,14.52,47,-81.1144,-5.0892
332,Astoria,"{'lon': -123.8313, 'lat': 46.1879}",US,64,57.85,984,5.01,100,-123.8313,46.1879
333,Fare,"{'lon': -151.0167, 'lat': -16.7}",PF,86,76.73,1012,14.23,100,-151.0167,-16.7
334,Scranton,"{'lon': -75.6624, 'lat': 41.409}",US,91,51.28,1019,3.53,100,-75.6624,41.409
335,Rocky Mountain House,"{'lon': -114.9188, 'lat': 52.3668}",CA,66,46.51,996,12.66,100,-114.9188,52.3668
336,Tigzirt,"{'lon': 4.1198, 'lat': 36.8886}",DZ,73,65.39,1021,5.64,85,4.1198,36.8886
337,Muravlenko,"{'lon': 74.523, 'lat': 63.7898}",RU,92,22.15,1005,8.72,87,74.523,63.7898
338,Jingdezhen,"{'lon': 117.2079, 'lat': 29.2947}",CN,69,62.6,1024,2.93,10,117.2079,29.2947
339,Klaksvík,"{'lon': -6.589, 'lat': 62.2266}",FO,90,50.92,988,23.62,78,-6.589,62.2266
340,Torbay,"{'lon': -52.7314, 'lat': 47.6666}",CA,87,54.57,995,28.77,75,-52.7314,47.6666
341,Te Anau,"{'lon': 167.7167, 'lat': -45.4167}",NZ,75,63.21,1012,3.71,100,167.7167,-45.4167
342,North Battleford,"{'lon': -108.2847, 'lat': 52.7834}",CA,81,41.09,1008,20.71,90,-108.2847,52.7834
343,Fort Nelson,"{'lon': -122.7002, 'lat': 58.8053}",CA,70,38.79,997,2.3,1,-122.7002,58.8053
344,Tessalit,"{'lon': 1.0114, 'lat': 20.1986}",ML,22,83.28,1014,10.96,55,1.0114,20.1986
345,Saint-Pierre,"{'lon': 55.4781, 'lat': -21.3393}",RE,77,71.28,1020,6.91,40,55.4781,-21.3393
346,Dutse,"{'lon': 9.3392, 'lat': 11.7594}",NG,27,77.4,1011,3.96,100,9.3392,11.7594
347,Twin Falls,"{'lon': -114.6445, 'lat': 42.3505}",US,93,46.74,1003,0.0,90,-114.6445,42.3505
348,Karratha,"{'lon': 116.8463, 'lat': -20.7377}",AU,25,88.29,1010,10.02,0,116.8463,-20.7377
349,Cabra,"{'lon': -4.4421, 'lat': 37.4725}",ES,65,58.89,1021,3.4,18,-4.4421,37.4725
350,Bara,"{'lon': 10.7288, 'lat': 10.3744}",NG,52,77.27,1010,2.91,100,10.7288,10.3744
351,Turinsk,"{'lon': 63.696, 'lat': 58.0458}",RU,78,38.55,1007,11.34,46,63.696,58.0458
352,Parintins,"{'lon': -56.7358, 'lat': -2.6283}",BR,86,77.02,1011,3.0,41,-56.7358,-2.6283
353,Guaymas,"{'lon': -110.9, 'lat': 27.9333}",MX,73,80.89,1010,6.08,0,-110.9,27.9333
354,Buribay,"{'lon': 58.1592, 'lat': 51.9617}",RU,85,46.08,1014,3.8,100,58.1592,51.9617
355,Qinzhou,"{'lon': 108.6167, 'lat': 21.95}",CN,64,67.08,1020,10.49,6,108.6167,21.95
356,Taihecun,"{'lon': 130.85, 'lat': 45.8}",CN,42,53.44,1020,8.12,0,130.85,45.8
357,Grants Pass,"{'lon': -123.3284, 'lat': 42.439}",US,89,52.59,991,8.05,75,-123.3284,42.439
358,Bontang,"{'lon': 117.5, 'lat': 0.1333}",ID,82,81.14,1011,6.31,100,117.5,0.1333
359,Port-Cartier,"{'lon': -66.8654, 'lat': 50.0334}",CA,74,46.74,1012,10.71,100,-66.8654,50.0334
360,Poum,"{'lon': 164.0167, 'lat': -20.2333}",NC,69,76.15,1015,10.22,6,164.0167,-20.2333
361,Kudahuvadhoo,"{'lon': 72.8944, 'lat': 2.6708}",MV,71,82.96,1011,13.65,88,72.8944,2.6708
362,Hwange,"{'lon': 26.5019, 'lat': -18.3693}",ZW,51,75.2,1011,5.68,55,26.5019,-18.3693
363,Belaya Gora,"{'lon': 146.4167, 'lat': 68.5333}",RU,92,1.87,1004,1.07,100,146.4167,68.5333
364,Gobō,"{'lon': 135.15, 'lat': 33.8833}",JP,95,60.03,1021,11.36,100,135.15,33.8833
365,Sivaki,"{'lon': 126.75, 'lat': 52.6333}",RU,71,39.81,1011,2.93,100,126.75,52.6333
366,San Quintín,"{'lon': -115.95, 'lat': 30.4833}",MX,77,64.6,1012,13.29,12,-115.95,30.4833
367,Avera,"{'lon': -82.5271, 'lat': 33.194}",US,55,69.31,1018,4.16,100,-82.5271,33.194
368,Alexandria,"{'lon': 29.9553, 'lat': 31.2156}",EG,68,69.76,1018,5.75,40,29.9553,31.2156
369,Natchitoches,"{'lon': -93.1335, 'lat': 31.7668}",US,69,76.05,1011,5.75,1,-93.1335,31.7668
370,Youkounkoun,"{'lon': -13.1333, 'lat': 12.5333}",GN,88,75.85,1013,2.59,100,-13.1333,12.5333
371,Berlevåg,"{'lon': 29.0864, 'lat': 70.8578}",NO,74,30.22,1014,8.63,41,29.0864,70.8578
372,Srednekolymsk,"{'lon': 153.6833, 'lat': 67.45}",RU,79,1.44,1004,2.51,100,153.6833,67.45
373,Hongjiang,"{'lon': 109.9956, 'lat': 27.11}",CN,67,58.41,1024,0.83,53,109.9956,27.11
374,Amla,"{'lon': 78.1167, 'lat': 21.9333}",IN,67,62.29,1015,1.83,0,78.1167,21.9333
375,Sakakah,"{'lon': 40.2064, 'lat': 29.9697}",SA,33,63.97,1015,6.78,0,40.2064,29.9697
376,Thunder Bay,"{'lon': -89.3168, 'lat': 48.4001}",CA,73,39.11,1019,4.61,40,-89.3168,48.4001
377,Seoul,"{'lon': 126.9778, 'lat': 37.5683}",KR,78,54.84,1025,2.3,0,126.9778,37.5683
378,Alice Springs,"{'lon': 133.8833, 'lat': -23.7}",AU,23,76.55,1018,14.97,95,133.8833,-23.7
379,Myitkyina,"{'lon': 97.4, 'lat': 25.3833}",MM,78,72.03,1014,1.66,1,97.4,25.3833
380,Shelburne,"{'lon': -80.2041, 'lat': 44.0787}",CA,83,48.56,1018,4.72,100,-80.2041,44.0787
381,Krasnosel'kup,"{'lon': 82.4667, 'lat': 65.7}",RU,92,23.2,998,20.74,100,82.4667,65.7
382,Araouane,"{'lon': -3.5265, 'lat': 18.9048}",ML,23,88.41,1012,9.42,95,-3.5265,18.9048
383,Imbituba,"{'lon': -48.6703, 'lat': -28.24}",BR,69,66.81,1020,3.38,0,-48.6703,-28.24
384,Sorong,"{'lon': 131.25, 'lat': -0.8833}",ID,79,82.44,1011,8.25,100,131.25,-0.8833
385,Rockland,"{'lon': -74.0496, 'lat': 41.1668}",US,85,57.72,1020,3.2,100,-74.0496,41.1668
386,Lüderitz,"{'lon': 15.1594, 'lat': -26.6481}",NA,70,59.5,1012,11.03,0,15.1594,-26.6481
387,Laguna,"{'lon': -121.4238, 'lat': 38.421}",US,95,62.64,1002,4.0,90,-121.4238,38.421
388,Haysville,"{'lon': -97.3523, 'lat': 37.5645}",US,70,64.02,1010,4.61,1,-97.3523,37.5645
389,Makkah al Mukarramah,"{'lon': 39.8261, 'lat': 21.4267}",SA,60,78.62,1011,1.61,0,39.8261,21.4267
390,Nuevo Progreso,"{'lon': -97.95, 'lat': 23.1667}",MX,67,85.59,1013,1.01,100,-97.95,23.1667
391,Erie,"{'lon': -78.6664, 'lat': 42.7667}",US,87,51.39,1016,4.59,100,-78.6664,42.7667
392,Cidreira,"{'lon': -50.2056, 'lat': -30.1811}",BR,66,60.73,1019,1.7,0,-50.2056,-30.1811
393,Mobaye,"{'lon': 21.1786, 'lat': 4.319}",CF,96,70.41,1011,0.43,100,21.1786,4.319
394,Narasannapeta,"{'lon': 84.05, 'lat': 18.4167}",IN,83,73.6,1013,4.47,7,84.05,18.4167
395,Ullapool,"{'lon': -5.1604, 'lat': 57.8987}",GB,87,50.34,998,11.99,29,-5.1604,57.8987
396,Pundaguitan,"{'lon': 126.1689, 'lat': 6.3711}",PH,75,82.98,1011,5.64,92,126.1689,6.3711
397,Pacific Grove,"{'lon': -121.9166, 'lat': 36.6177}",US,84,67.68,1004,3.0,90,-121.9166,36.6177
398,Mafeteng,"{'lon': 27.2374, 'lat': -29.823}",LS,77,47.73,1021,0.92,0,27.2374,-29.823
399,Port Blair,"{'lon': 92.75, 'lat': 11.6667}",IN,78,81.18,1010,5.95,100,92.75,11.6667
400,Nouadhibou,"{'lon': -17.0347, 'lat': 20.931}",MR,68,71.58,1017,14.97,100,-17.0347,20.931
401,Westport,"{'lon': -73.3579, 'lat': 41.1415}",US,77,58.98,1020,7.0,90,-73.3579,41.1415
402,Uyuni,"{'lon': -66.825, 'lat': -20.4597}",BO,11,44.55,1018,11.07,0,-66.825,-20.4597
403,Mulegé,"{'lon': -111.9833, 'lat': 26.8833}",MX,61,76.73,1010,4.41,0,-111.9833,26.8833
404,Maniitsoq,"{'lon': -52.9, 'lat': 65.4167}",GL,54,23.65,1002,7.76,2,-52.9,65.4167
405,Paamiut,"{'lon': -49.6678, 'lat': 61.994}",GL,40,26.73,995,10.36,0,-49.6678,61.994
406,Ananas,"{'lon': -71.9557, 'lat': 19.2466}",HT,83,73.04,1017,2.37,39,-71.9557,19.2466
407,Staraya Vichuga,"{'lon': 41.8787, 'lat': 57.2683}",RU,84,28.35,1022,11.36,7,41.8787,57.2683
408,Barra de Tecoanapa,"{'lon': -98.75, 'lat': 16.5167}",MX,88,77.77,1012,5.77,88,-98.75,16.5167
409,Hualmay,"{'lon': -77.6139, 'lat': -11.0964}",PE,80,63.32,1015,10.31,46,-77.6139,-11.0964
410,Thomaston,"{'lon': -84.3266, 'lat': 32.8882}",US,79,67.78,1019,3.44,1,-84.3266,32.8882
411,Santa Maria,"{'lon': -53.8069, 'lat': -29.6842}",BR,77,58.3,1017,2.3,0,-53.8069,-29.6842
412,Meziměstí,"{'lon': 16.2421, 'lat': 50.6246}",CZ,67,43.34,1027,9.31,23,16.2421,50.6246
413,Kizhinga,"{'lon': 109.9097, 'lat': 51.8462}",RU,76,35.22,1021,4.5,77,109.9097,51.8462
414,Chicama,"{'lon': -79.1469, 'lat': -7.8447}",PE,78,59.54,1015,6.8,41,-79.1469,-7.8447
415,Moranbah,"{'lon': 148.0466, 'lat': -22.0016}",AU,33,88.43,1014,7.72,99,148.0466,-22.0016
416,Arcos,"{'lon': -45.5394, 'lat': -20.2819}",BR,76,70.03,1016,7.09,100,-45.5394,-20.2819
417,Usinsk,"{'lon': 57.5281, 'lat': 65.9939}",RU,97,19.27,1006,7.16,100,57.5281,65.9939
418,Nānākuli,"{'lon': -158.1547, 'lat': 21.3906}",US,49,87.75,1017,11.5,20,-158.1547,21.3906
419,Bozhou,"{'lon': 115.7703, 'lat': 33.8772}",CN,53,59.49,1025,4.41,81,115.7703,33.8772
420,Haines Junction,"{'lon': -137.5108, 'lat': 60.7522}",CA,69,35.55,998,1.14,19,-137.5108,60.7522
421,Vao,"{'lon': 167.4833, 'lat': -22.6667}",NC,69,70.65,1016,10.07,17,167.4833,-22.6667
422,Vila,"{'lon': -8.1588, 'lat': 42.0304}",PT,93,51.93,1023,1.45,68,-8.1588,42.0304
423,Voiron,"{'lon': 5.5921, 'lat': 45.3639}",FR,82,50.94,1024,5.99,4,5.5921,45.3639
424,Port Augusta,"{'lon': 137.7667, 'lat': -32.5}",AU,21,72.72,1020,5.57,0,137.7667,-32.5
425,Nautla,"{'lon': -96.7833, 'lat': 20.2167}",MX,87,78.66,1010,5.08,100,-96.7833,20.2167
426,Iskateley,"{'lon': 53.1512, 'lat': 67.6803}",RU,97,19.11,1005,4.27,100,53.1512,67.6803
427,Salta,"{'lon': -65.4117, 'lat': -24.7859}",AR,37,73.69,1019,4.0,20,-65.4117,-24.7859
428,Padang,"{'lon': 100.3543, 'lat': -0.9492}",ID,88,77.05,1013,3.33,100,100.3543,-0.9492
429,Altamont,"{'lon': -121.7372, 'lat': 42.2068}",US,82,46.24,957,4.0,90,-121.7372,42.2068
430,Mendoza,"{'lon': -68.8272, 'lat': -32.8908}",AR,46,74.73,1013,0.0,0,-68.8272,-32.8908
431,Mareeba,"{'lon': 145.4333, 'lat': -17}",AU,55,86.32,1014,10.96,0,145.4333,-17.0
432,Hegang,"{'lon': 130.3667, 'lat': 47.4}",CN,45,49.98,1018,7.05,8,130.3667,47.4
433,Ilhabela,"{'lon': -45.3581, 'lat': -23.7781}",BR,89,67.87,1020,5.06,100,-45.3581,-23.7781
434,Saint-Louis,"{'lon': -15, 'lat': 16.3333}",SN,35,85.64,1013,6.44,77,-15.0,16.3333
435,Caravelas,"{'lon': -39.2481, 'lat': -17.7125}",BR,87,77.38,1016,8.99,100,-39.2481,-17.7125
436,Vaitape,"{'lon': -151.75, 'lat': -16.5167}",PF,90,75.81,1012,11.45,100,-151.75,-16.5167
437,La Tuque,"{'lon': -72.7824, 'lat': 47.4334}",CA,81,41.25,1020,1.14,7,-72.7824,47.4334
438,Hastings,"{'lon': 0.5729, 'lat': 50.8552}",GB,91,59.29,1016,14.14,100,0.5729,50.8552
439,Lata,"{'lon': -8.3327, 'lat': 40.1629}",PT,76,58.82,1023,2.01,0,-8.3327,40.1629
440,Griffith,"{'lon': -87.4237, 'lat': 41.5284}",US,95,50.0,1010,5.99,90,-87.4237,41.5284
441,Kikwit,"{'lon': 18.8162, 'lat': -5.041}",CD,91,71.47,1011,1.01,100,18.8162,-5.041
442,Gornoye Loo,"{'lon': 39.6049, 'lat': 43.7129}",RU,84,51.58,1022,10.98,45,39.6049,43.7129
443,Sheridan,"{'lon': -106.9173, 'lat': 44.8333}",US,46,55.78,1007,1.01,1,-106.9173,44.8333
444,Turinskaya Sloboda,"{'lon': 64.3858, 'lat': 57.6232}",RU,83,38.71,1008,11.05,15,64.3858,57.6232
445,Dunedin,"{'lon': 170.5036, 'lat': -45.8742}",NZ,72,60.94,1013,6.76,100,170.5036,-45.8742
446,Katsuura,"{'lon': 140.3, 'lat': 35.1333}",JP,55,64.18,1025,12.15,39,140.3,35.1333
447,Yamada,"{'lon': 141.95, 'lat': 39.4667}",JP,55,61.23,1026,3.38,3,141.95,39.4667
448,Waingapu,"{'lon': 120.2641, 'lat': -9.6567}",ID,66,85.59,1012,5.91,89,120.2641,-9.6567
449,Scarborough,"{'lon': -0.4044, 'lat': 54.2797}",GB,90,52.92,1010,1.01,2,-0.4044,54.2797
450,Moerai,"{'lon': -151.3333, 'lat': -22.4333}",PF,67,72.77,1015,15.88,3,-151.3333,-22.4333
451,Nhulunbuy,"{'lon': 136.7667, 'lat': -12.2333}",AU,55,88.41,1013,9.22,40,136.7667,-12.2333
452,Marialva,"{'lon': -51.7917, 'lat': -23.485}",BR,86,70.43,1016,2.64,100,-51.7917,-23.485
453,Hervey Bay,"{'lon': 152.8535, 'lat': -25.2986}",AU,77,82.51,1015,6.08,82,152.8535,-25.2986
454,Kamenka,"{'lon': 42.7678, 'lat': 51.3223}",RU,76,32.97,1022,15.3,10,42.7678,51.3223
455,Redmond,"{'lon': -122.1215, 'lat': 47.674}",US,81,55.99,984,1.99,100,-122.1215,47.674
456,Isangel,"{'lon': 169.2667, 'lat': -19.55}",VU,69,82.51,1013,5.75,75,169.2667,-19.55
457,Asău,"{'lon': 26.4, 'lat': 46.4333}",RO,88,34.72,1034,2.57,12,26.4,46.4333
458,Indramayu,"{'lon': 108.32, 'lat': -6.3264}",ID,67,84.07,1011,3.15,7,108.32,-6.3264
459,Rawson,"{'lon': -65.1023, 'lat': -43.3002}",AR,34,63.45,995,38.9,100,-65.1023,-43.3002
460,Sibu,"{'lon': 111.8167, 'lat': 2.3}",MY,94,79.11,1010,3.0,20,111.8167,2.3
461,Yanam,"{'lon': 82.2167, 'lat': 16.7333}",IN,80,81.0,1012,3.65,27,82.2167,16.7333
462,Manokwari,"{'lon': 134.0833, 'lat': -0.8667}",ID,68,82.65,1012,3.36,100,134.0833,-0.8667
463,Vereshchagino,"{'lon': 54.6557, 'lat': 58.0789}",RU,96,34.95,1010,5.61,100,54.6557,58.0789
464,Sofia,"{'lon': 23.3242, 'lat': 42.6975}",BG,81,43.61,1031,3.0,0,23.3242,42.6975
465,Vuktyl,"{'lon': 57.3094, 'lat': 63.8567}",RU,91,27.48,1008,3.36,100,57.3094,63.8567
466,Northam,"{'lon': -4.2167, 'lat': 51.0333}",GB,94,57.09,1013,14.32,22,-4.2167,51.0333
467,Philadelphia,"{'lon': -75.1638, 'lat': 39.9523}",US,81,58.26,1019,1.01,75,-75.1638,39.9523
468,Malé,"{'lon': 73.5089, 'lat': 4.1748}",MV,68,82.83,1011,12.03,100,73.5089,4.1748
469,Mandurah,"{'lon': 115.7, 'lat': -32.55}",AU,74,61.92,1010,17.49,100,115.7,-32.55
470,Kinablangan,"{'lon': 126.5503, 'lat': 7.6947}",PH,73,83.75,1011,2.77,94,126.5503,7.6947
471,Cienfuegos,"{'lon': -80.4356, 'lat': 22.1461}",CU,89,80.74,1015,4.61,57,-80.4356,22.1461
472,Sur,"{'lon': 59.5289, 'lat': 22.5667}",OM,61,80.22,1011,11.56,6,59.5289,22.5667
473,Cross Lanes,"{'lon': -81.7907, 'lat': 38.4204}",US,79,72.01,1012,1.01,20,-81.7907,38.4204
474,Fuling,"{'lon': 107.3919, 'lat': 29.7022}",CN,72,62.04,1022,1.34,84,107.3919,29.7022
475,Beïnamar,"{'lon': 15.3813, 'lat': 8.6698}",TD,78,75.25,1010,4.18,73,15.3813,8.6698
476,Tuatapere,"{'lon': 167.6833, 'lat': -46.1333}",NZ,76,64.42,1012,3.33,100,167.6833,-46.1333
477,Sabang,"{'lon': 95.3214, 'lat': 5.8933}",ID,77,80.53,1011,8.5,100,95.3214,5.8933
478,Meadow Lake,"{'lon': -106.5436, 'lat': 34.8014}",US,29,71.08,1012,6.51,17,-106.5436,34.8014
479,Nuevitas,"{'lon': -77.2644, 'lat': 21.5453}",CU,83,80.04,1016,7.07,100,-77.2644,21.5453
480,Namie,"{'lon': 141, 'lat': 37.4833}",JP,60,61.99,1024,6.2,23,141.0,37.4833
481,Powell River,"{'lon': -124.5361, 'lat': 49.8496}",CA,71,53.6,982,12.66,75,-124.5361,49.8496
482,Ratne,"{'lon': 24.5303, 'lat': 51.6683}",UA,74,35.04,1032,5.77,34,24.5303,51.6683
483,Lucea,"{'lon': -78.1736, 'lat': 18.451}",JM,77,82.26,1015,4.05,61,-78.1736,18.451
484,Margate,"{'lon': 1.3862, 'lat': 51.3813}",GB,90,58.3,1010,1.99,100,1.3862,51.3813
485,Friockheim,"{'lon': -2.6636, 'lat': 56.6378}",GB,87,51.44,1002,15.41,43,-2.6636,56.6378
486,Cayambe,"{'lon': -78.1333, 'lat': 0.05}",EC,94,51.06,1019,0.54,98,-78.1333,0.05
487,Escárcega,"{'lon': -90.7454, 'lat': 18.6089}",MX,92,77.68,1011,3.44,95,-90.7454,18.6089
488,Lagoa Santa,"{'lon': -43.8897, 'lat': -19.6272}",BR,78,76.35,1018,5.75,0,-43.8897,-19.6272
489,Mount Gambier,"{'lon': 140.7667, 'lat': -37.8333}",AU,62,55.31,1024,9.22,90,140.7667,-37.8333
490,Leh,"{'lon': 77.5833, 'lat': 34.1667}",IN,87,26.96,1024,4.03,76,77.5833,34.1667
491,Brae,"{'lon': -1.353, 'lat': 60.3964}",GB,82,51.71,997,16.22,98,-1.353,60.3964
492,Umm Kaddadah,"{'lon': 26.6876, 'lat': 13.6017}",SD,22,81.84,1010,18.23,6,26.6876,13.6017
493,Makarov,"{'lon': 142.8, 'lat': 48.6333}",RU,66,50.43,1018,10.45,0,142.8,48.6333
494,Okhotsk,"{'lon': 143.3, 'lat': 59.3833}",RU,70,21.56,1007,8.46,100,143.3,59.3833
495,Severo-Yeniseyskiy,"{'lon': 93.0408, 'lat': 60.3725}",RU,80,31.26,1011,12.15,98,93.0408,60.3725
496,Taksimo,"{'lon': 114.8794, 'lat': 56.3444}",RU,74,31.86,1013,1.3,100,114.8794,56.3444
497,Pangnirtung,"{'lon': -65.7125, 'lat': 66.1451}",CA,89,21.02,1011,2.48,100,-65.7125,66.1451
498,Eirunepé,"{'lon': -69.8736, 'lat': -6.6603}",BR,75,79.47,1009,2.77,47,-69.8736,-6.6603
499,Sandpoint,"{'lon': -116.5533, 'lat': 48.2766}",US,92,48.69,995,9.22,90,-116.5533,48.2766
500,Pedro Carbo,"{'lon': -80.2333, 'lat': -1.8333}",EC,74,81.88,1013,6.4,100,-80.2333,-1.8333
501,Ahipara,"{'lon': 173.1667, 'lat': -35.1667}",NZ,69,66.6,1016,7.02,9,173.1667,-35.1667
502,Yangambi,"{'lon': 24.4336, 'lat': 0.8102}",CD,99,69.1,1011,0.63,100,24.4336,0.8102
503,Iquique,"{'lon': -70.1431, 'lat': -20.2208}",CL,71,60.84,1018,0.45,16,-70.1431,-20.2208
504,Yerbogachën,"{'lon': 108.0108, 'lat': 61.2767}",RU,96,35.64,1002,12.8,100,108.0108,61.2767
505,Flinders,"{'lon': 150.8552, 'lat': -34.5833}",AU,48,70.18,1011,1.99,2,150.8552,-34.5833
506,Cockburn Town,"{'lon': -71.1419, 'lat': 21.4612}",TC,74,80.56,1017,10.36,40,-71.1419,21.4612
507,Manubul,"{'lon': 120.7986, 'lat': 5.4732}",PH,75,82.22,1011,5.14,27,120.7986,5.4732
508,Verkhnetulomskiy,"{'lon': 31.7962, 'lat': 68.6073}",RU,94,8.73,1015,1.92,94,31.7962,68.6073
509,Touros,"{'lon': -35.4608, 'lat': -5.1989}",BR,72,79.7,1015,13.11,2,-35.4608,-5.1989
510,Frankfort,"{'lon': 28.4833, 'lat': -27.2667}",ZA,80,51.03,1022,11.81,100,28.4833,-27.2667
511,Buala,"{'lon': 159.5921, 'lat': -8.145}",SB,69,85.08,1011,1.25,42,159.5921,-8.145
512,Ratzeburg,"{'lon': 10.7667, 'lat': 53.7}",DE,88,43.02,1016,4.61,0,10.7667,53.7
513,Alibag,"{'lon': 72.8792, 'lat': 18.6411}",IN,81,78.87,1013,7.05,4,72.8792,18.6411
514,La Ronge,"{'lon': -105.2842, 'lat': 55.1001}",CA,70,41.25,1015,12.66,40,-105.2842,55.1001
515,Xai-Xai,"{'lon': 33.6442, 'lat': -25.0519}",MZ,88,67.66,1021,15.82,100,33.6442,-25.0519
516,Abbeville,"{'lon': 1.8333, 'lat': 50.1}",FR,77,53.56,1018,9.82,100,1.8333,50.1
517,Soma,"{'lon': 27.6094, 'lat': 39.1855}",TR,76,53.78,1025,13.24,92,27.6094,39.1855
518,Djebeniana,"{'lon': 10.9081, 'lat': 35.035}",TN,72,67.8,1014,22.48,100,10.9081,35.035
519,Basco,"{'lon': 121.9702, 'lat': 20.4487}",PH,80,79.83,1014,17.09,34,121.9702,20.4487
520,Mapiripán,"{'lon': -72.1256, 'lat': 2.8892}",CO,93,75.38,1011,4.61,100,-72.1256,2.8892
521,Edd,"{'lon': 41.6925, 'lat': 13.9297}",ER,61,84.29,1010,12.3,6,41.6925,13.9297
522,Kaberamaido,"{'lon': 33.1594, 'lat': 1.7389}",UG,87,67.01,1011,3.33,22,33.1594,1.7389
523,Nelas,"{'lon': -7.8515, 'lat': 40.5322}",PT,72,50.95,1023,0.92,0,-7.8515,40.5322
524,Lerwick,"{'lon': -1.1494, 'lat': 60.1545}",GB,83,51.8,998,18.12,94,-1.1494,60.1545
525,Porto Santo,"{'lon': -16.3415, 'lat': 33.072}",PT,68,68.38,1023,9.22,40,-16.3415,33.072
526,São João da Barra,"{'lon': -41.0511, 'lat': -21.6403}",BR,94,72.57,1016,17.22,100,-41.0511,-21.6403
527,Coyhaique,"{'lon': -72.0662, 'lat': -45.5752}",CL,81,46.35,994,5.75,90,-72.0662,-45.5752
528,Russkiy,"{'lon': 131.8642, 'lat': 43.0147}",RU,66,48.06,1023,1.9,0,131.8642,43.0147
529,Mporokoso,"{'lon': 30.125, 'lat': -9.3727}",ZM,57,72.41,1010,1.03,100,30.125,-9.3727
530,Chake Chake,"{'lon': 39.7666, 'lat': -5.2459}",TZ,84,74.43,1012,4.25,13,39.7666,-5.2459
531,Safut,"{'lon': 35.8332, 'lat': 32.0336}",JO,88,58.53,1018,0.0,0,35.8332,32.0336
532,Chimbarongo,"{'lon': -71.05, 'lat': -34.7}",CL,62,68.88,1019,1.79,0,-71.05,-34.7
533,Hauterive,"{'lon': 3.4459, 'lat': 46.0901}",FR,90,48.96,1023,4.63,10,3.4459,46.0901
534,Sinegorskiy,"{'lon': 40.8447, 'lat': 48.0139}",RU,71,36.73,1024,7.23,7,40.8447,48.0139
535,Richards Bay,"{'lon': 32.0377, 'lat': -28.783}",ZA,69,63.23,1026,3.36,84,32.0377,-28.783
536,Shizunai-furukawachō,"{'lon': 142.3669, 'lat': 42.3339}",JP,64,56.57,1025,4.16,0,142.3669,42.3339
537,Narsaq,"{'lon': -46.05, 'lat': 60.9167}",GL,45,32.22,993,7.18,4,-46.05,60.9167
538,Arona,"{'lon': -16.681, 'lat': 28.0996}",ES,68,66.74,1019,8.05,40,-16.681,28.0996
539,Bosaso,"{'lon': 49.1816, 'lat': 11.2842}",SO,65,78.15,1013,4.38,7,49.1816,11.2842
540,Ileza,"{'lon': 43.9002, 'lat': 61.0533}",RU,94,25.14,1019,6.64,20,43.9002,61.0533
541,Toamasina,"{'lon': 49.3833, 'lat': -18.1667}",MG,94,73.4,1018,2.3,75,49.3833,-18.1667
542,Río Blanco,"{'lon': -97.15, 'lat': 18.8333}",MX,95,69.22,1016,1.01,96,-97.15,18.8333
543,Morgan City,"{'lon': -91.2068, 'lat': 29.6994}",US,85,77.0,1013,6.24,1,-91.2068,29.6994
544,Maksatikha,"{'lon': 35.8825, 'lat': 57.797}",RU,87,27.95,1027,3.87,10,35.8825,57.797
545,Hofn,"{'lon': -15.2082, 'lat': 64.2539}",IS,82,41.4,987,18.25,100,-15.2082,64.2539
546,San Rafael,"{'lon': -68.3301, 'lat': -34.6177}",AR,18,72.72,1010,14.76,0,-68.3301,-34.6177
547,Tulagi,"{'lon': 160.1476, 'lat': -9.0996}",SB,74,82.9,1010,11.01,77,160.1476,-9.0996
548,Maryville,"{'lon': -83.9705, 'lat': 35.7565}",US,78,66.67,1016,8.05,75,-83.9705,35.7565
549,Erenhot,"{'lon': 111.9767, 'lat': 43.6475}",CN,31,46.33,1018,10.07,100,111.9767,43.6475
550,Lichinga,"{'lon': 35.2406, 'lat': -13.3128}",MZ,43,67.17,1014,9.06,8,35.2406,-13.3128
551,Ucluelet,"{'lon': -125.5528, 'lat': 48.9329}",CA,87,53.1,977,5.99,100,-125.5528,48.9329
552,Arrondissement de Lure,"{'lon': 6.5, 'lat': 47.75}",FR,87,50.05,1022,6.91,0,6.5,47.75
553,Lañgub,"{'lon': 123.5372, 'lat': 10.7981}",PH,77,82.72,1011,1.86,27,123.5372,10.7981
554,Lyubashivka,"{'lon': 30.2598, 'lat': 47.8372}",UA,67,35.94,1033,7.67,17,30.2598,47.8372
555,Coari,"{'lon': -63.1414, 'lat': -4.085}",BR,89,74.89,1009,0.63,100,-63.1414,-4.085
556,Kununurra,"{'lon': 128.7333, 'lat': -15.7667}",AU,55,89.58,1012,3.44,70,128.7333,-15.7667
557,Mbulu,"{'lon': 35.5333, 'lat': -3.85}",TZ,81,59.25,1015,7.9,13,35.5333,-3.85
558,Handan,"{'lon': 114.4678, 'lat': 36.6006}",CN,55,59.02,1022,5.39,100,114.4678,36.6006
559,Nizwá,"{'lon': 57.5333, 'lat': 22.9333}",OM,46,74.95,1014,2.37,7,57.5333,22.9333
560,Victor Harbor,"{'lon': 138.6167, 'lat': -35.5667}",AU,54,65.71,1022,9.31,0,138.6167,-35.5667
561,Road Town,"{'lon': -64.6167, 'lat': 18.4167}",VG,76,82.2,1017,17.96,42,-64.6167,18.4167
562,Hailar,"{'lon': 119.7, 'lat': 49.2}",CN,50,39.22,1016,6.85,100,119.7,49.2
563,Dublyany,"{'lon': 24.0864, 'lat': 49.9041}",UA,93,29.1,1032,4.47,0,24.0864,49.9041
564,Gjøvik,"{'lon': 10.6929, 'lat': 60.7947}",NO,90,49.69,1010,6.29,79,10.6929,60.7947
565,Joensuu,"{'lon': 29.7632, 'lat': 62.6012}",FI,89,32.49,1012,1.99,90,29.7632,62.6012
566,Bela,"{'lon': 81.9833, 'lat': 25.9333}",IN,71,70.68,1014,1.48,0,81.9833,25.9333
567,Iwanai,"{'lon': 140.5089, 'lat': 42.9744}",JP,60,58.37,1025,7.02,2,140.5089,42.9744
568,Baykit,"{'lon': 96.37, 'lat': 61.67}",RU,90,35.42,1006,8.61,100,96.37,61.67
569,Kédougou,"{'lon': -12.1743, 'lat': 12.5579}",SN,78,79.38,1014,4.61,20,-12.1743,12.5579
570,Arrondissement d'Ajaccio,"{'lon': 8.9167, 'lat': 42}",FR,94,57.36,1019,6.91,0,8.9167,42.0
571,Makakilo City,"{'lon': -158.0858, 'lat': 21.3469}",US,54,86.32,1017,11.5,20,-158.0858,21.3469
572,Pisco,"{'lon': -76.2167, 'lat': -13.7}",PE,77,61.02,1014,16.11,0,-76.2167,-13.7
573,Iqaluit,"{'lon': -68.5145, 'lat': 63.7506}",CA,86,29.93,1012,5.99,90,-68.5145,63.7506
574,Yatsuomachi-higashikumisaka,"{'lon': 137.1333, 'lat': 36.5667}",JP,68,55.67,1018,1.99,90,137.1333,36.5667
575,Meïganga,"{'lon': 14.3, 'lat': 6.5167}",CM,93,66.47,1013,3.04,96,14.3,6.5167
576,Akdağmadeni,"{'lon': 35.8836, 'lat': 39.6603}",TR,90,41.74,1024,12.08,100,35.8836,39.6603
577,Dalian,"{'lon': 121.6022, 'lat': 38.9122}",CN,72,58.93,1023,2.24,74,121.6022,38.9122
578,Semme,"{'lon': 1.5007, 'lat': 46.1963}",FR,95,45.01,1022,5.06,13,1.5007,46.1963
579,Spearfish,"{'lon': -103.8594, 'lat': 44.4908}",US,67,49.86,1011,1.01,1,-103.8594,44.4908
580,Mayumba,"{'lon': 10.6554, 'lat': -3.432}",GA,92,76.46,1012,6.6,100,10.6554,-3.432
581,Ambatondrazaka,"{'lon': 48.4167, 'lat': -17.8333}",MG,92,68.52,1019,4.07,99,48.4167,-17.8333
582,Aquidauana,"{'lon': -55.7872, 'lat': -20.4711}",BR,84,70.21,1016,4.7,100,-55.7872,-20.4711
583,Kismayo,"{'lon': 42.5454, 'lat': -0.3582}",SO,86,78.71,1011,10.85,0,42.5454,-0.3582
584,Nortelândia,"{'lon': -56.8028, 'lat': -14.4547}",BR,97,71.49,1014,4.63,100,-56.8028,-14.4547
585,Tocopilla,"{'lon': -70.1979, 'lat': -22.092}",CL,72,60.31,1018,2.75,11,-70.1979,-22.092
586,Shakawe,"{'lon': 21.85, 'lat': -18.3667}",BW,65,70.09,1011,4.27,21,21.85,-18.3667
587,Stornoway,"{'lon': -6.3865, 'lat': 58.2093}",GB,87,48.92,996,16.11,40,-6.3865,58.2093
588,Mladenovac,"{'lon': 20.6992, 'lat': 44.4386}",RS,69,36.59,1031,3.6,0,20.6992,44.4386
589,Muros,"{'lon': -9.0603, 'lat': 42.7762}",ES,93,58.08,1023,2.95,46,-9.0603,42.7762
